City_ID,City,Country,Date,Lat,Lng,Max Temp,Humidity,Cloudiness,Wind Speed
0,Khandyga,RU,2021-02-02 23:36:45,62.6667,135.6,-46.37,77,100,2.35
1,Haines Junction,CA,2021-02-02 23:36:45,60.7522,-137.5108,-5.8,45,73,2.3
2,Qaanaaq,GL,2021-02-02 23:35:36,77.484,-69.3632,-12.33,84,100,0.83
3,Tatawin,TN,2021-02-02 23:36:45,32.9297,10.4518,57.2,47,1,5.75
4,Dingle,PH,2021-02-02 23:36:45,10.9995,122.6711,77.14,86,99,12.68
5,Evensk,RU,2021-02-02 23:36:45,61.95,159.2333,12.43,91,100,15.08
6,Llangefni,GB,2021-02-02 23:36:45,53.2556,-4.3106,48.2,93,75,13.73
7,Albany,US,2021-02-02 23:34:06,42.6001,-73.9662,27.0,87,100,9.69
8,Bay Roberts,CA,2021-02-02 23:36:45,47.5999,-53.2648,28.0,80,90,10.36
9,Carutapera,BR,2021-02-02 23:36:46,-1.195,-46.02,78.76,81,76,7.56
10,Rikitea,PF,2021-02-02 23:36:46,-23.1203,-134.9692,78.6,75,43,15.73
11,Gillette,US,2021-02-02 23:35:08,44.2911,-105.5022,51.8,30,1,10.36
12,Pevek,RU,2021-02-02 23:34:45,69.7008,170.3133,8.98,92,100,10.76
13,Akdepe,TM,2021-02-02 23:36:46,42.0551,59.3788,30.2,74,0,9.22
14,Butaritari,KI,2021-02-02 23:36:46,3.0707,172.7902,82.0,84,85,17.94
15,Bredasdorp,ZA,2021-02-02 23:36:46,-34.5322,20.0403,59.0,88,0,4.61
16,Kodiak,US,2021-02-02 23:33:11,57.79,-152.4072,35.6,80,90,14.97
17,Vaini,TO,2021-02-02 23:36:46,-21.2,-175.2,82.4,89,75,8.05
18,Hermanus,ZA,2021-02-02 23:36:46,-34.4187,19.2345,60.01,92,0,5.37
19,Bluff,NZ,2021-02-02 23:36:47,-46.6,168.3333,59.67,87,85,13.02
20,Ponta Do Sol,PT,2021-02-02 23:36:47,32.6667,-17.1,60.01,75,59,4.9
21,East London,ZA,2021-02-02 23:36:47,-33.0153,27.9116,70.16,79,92,11.16
22,Cape Town,ZA,2021-02-02 23:35:17,-33.9258,18.4232,69.01,82,0,16.11
23,Busselton,AU,2021-02-02 23:34:38,-33.65,115.3333,66.99,80,52,3.0
24,Ushuaia,AR,2021-02-02 23:34:26,-54.8,-68.3,55.4,71,75,26.46
25,Snyder,US,2021-02-02 23:36:47,32.7179,-100.9176,71.6,21,1,8.05
26,Changji,CN,2021-02-02 23:36:47,44.0167,87.3167,15.8,86,100,2.24
27,Jiaojiang,CN,2021-02-02 23:36:48,28.6803,121.4428,46.0,85,58,1.81
28,Buraydah,SA,2021-02-02 23:36:48,26.326,43.975,60.8,48,40,4.61
29,Hofn,IS,2021-02-02 23:36:48,64.2539,-15.2082,31.19,96,100,15.37
30,Upernavik,GL,2021-02-02 23:35:33,72.7868,-56.1549,-6.74,87,100,4.12
31,Saldanha,ZA,2021-02-02 23:36:48,-33.0117,17.9442,64.4,82,0,5.75
32,Punta Arenas,CL,2021-02-02 23:36:48,-53.15,-70.9167,59.0,67,75,28.77
33,Severo-Yeniseyskiy,RU,2021-02-02 23:36:48,60.3725,93.0408,-12.03,91,98,4.38
34,Saint-Philippe,RE,2021-02-02 23:36:48,-21.3585,55.7679,78.8,73,75,5.75
35,Khatanga,RU,2021-02-02 23:36:48,71.9667,102.5,-22.92,86,75,5.97
36,Shestakovo,RU,2021-02-02 23:36:49,56.4915,103.96,-9.35,88,100,5.35
37,Chokurdakh,RU,2021-02-02 23:36:49,70.6333,147.9167,-10.57,89,40,6.31
38,Grand Gaube,MU,2021-02-02 23:36:49,-20.0064,57.6608,79.0,75,10,1.99
39,Kapaa,US,2021-02-02 23:34:43,22.0752,-159.319,78.8,69,20,18.41
40,Carnarvon,AU,2021-02-02 23:35:12,-24.8667,113.6333,73.4,100,90,18.41
41,Castro,BR,2021-02-02 23:36:49,-24.7911,-50.0119,68.23,89,87,1.57
42,Paamiut,GL,2021-02-02 23:36:49,61.994,-49.6678,5.94,81,0,14.5
43,Sitka,US,2021-02-02 23:34:59,57.0531,-135.33,37.4,60,20,5.75
44,Jamestown,US,2021-02-02 23:36:49,42.097,-79.2353,26.01,86,90,14.97
45,Sauda,NO,2021-02-02 23:36:49,59.6506,6.3542,23.0,79,5,4.0
46,Mataura,NZ,2021-02-02 23:34:46,-46.1927,168.8643,68.16,61,90,7.2
47,Tuatapere,NZ,2021-02-02 23:36:50,-46.1333,167.6833,64.99,73,86,10.58
48,Thompson,CA,2021-02-02 23:36:50,55.7435,-97.8558,15.8,92,90,4.61
49,Stykkisholmur,IS,2021-02-02 23:36:50,65.0757,-22.7297,28.87,90,99,11.95
50,Iquitos,PE,2021-02-02 23:34:31,-3.7481,-73.2472,84.2,74,40,3.44
51,Gazanjyk,TM,2021-02-02 23:36:30,39.2446,55.5154,44.6,67,1,14.09
52,Lasa,IT,2021-02-02 23:36:50,46.6166,10.7002,33.01,86,0,3.62
53,Santa Rosa,PH,2021-02-02 23:36:50,14.3122,121.1114,79.0,83,40,13.22
54,Puerto Leguizamo,CO,2021-02-02 23:36:50,-0.1934,-74.7819,78.82,79,93,3.89
55,Kang,BW,2021-02-02 23:36:50,-23.6752,22.7876,66.85,90,99,17.96
56,Hovd,MN,2021-02-02 23:35:54,48.0056,91.6419,3.13,86,73,1.41
57,Roma,US,2021-02-02 23:36:51,43.2128,-75.4557,26.6,68,90,10.36
58,Yumen,CN,2021-02-02 23:36:51,40.2833,97.2,24.22,65,81,9.66
59,Belmonte,BR,2021-02-02 23:36:51,-15.8631,-38.8828,80.6,69,75,10.36
60,Saskylakh,RU,2021-02-02 23:36:51,71.9167,114.0833,-2.88,91,100,14.2
61,Nikolskoye,RU,2021-02-02 23:36:51,59.7035,30.7861,23.0,86,90,11.18
62,Portland,US,2021-02-02 23:36:51,45.5234,-122.6762,48.2,71,75,11.5
63,Mar Del Plata,AR,2021-02-02 23:36:51,-38.0023,-57.5575,66.99,82,0,9.22
64,Hobart,AU,2021-02-02 23:35:14,-42.8794,147.3294,62.01,63,75,3.44
65,Huarmey,PE,2021-02-02 23:36:52,-10.0681,-78.1522,70.9,76,27,7.38
66,Avarua,CK,2021-02-02 23:33:07,-21.2078,-159.775,84.2,74,82,4.61
67,Itoman,JP,2021-02-02 23:36:48,26.1247,127.6694,59.0,55,20,9.22
68,Itarema,BR,2021-02-02 23:35:12,-2.9248,-39.9167,78.37,78,9,11.9
69,Ixtapa,MX,2021-02-02 23:36:52,20.7,-105.2,75.2,78,40,9.22
70,Samarai,PG,2021-02-02 23:36:52,-10.6167,150.6667,84.13,67,97,6.33
71,Port Elizabeth,ZA,2021-02-02 23:35:08,-33.918,25.5701,66.2,88,0,6.91
72,Barrow,US,2021-02-02 23:35:00,71.2906,-156.7887,-23.8,69,1,13.8
73,Tuktoyaktuk,CA,2021-02-02 23:36:52,69.4541,-133.0374,-34.6,74,1,3.44
74,Honiara,SB,2021-02-02 23:32:56,-9.4333,159.95,78.42,87,98,12.41
75,Kruisfontein,ZA,2021-02-02 23:36:53,-34.0033,24.7314,69.4,62,0,6.49
76,Fortuna,US,2021-02-02 23:36:53,40.5982,-124.1573,54.0,66,1,9.22
77,Abrau-Dyurso,RU,2021-02-02 23:36:53,44.69,37.59,48.2,81,55,13.42
78,Shanghai,CN,2021-02-02 23:36:53,31.2222,121.4581,44.01,75,0,8.95
79,Turbat,PK,2021-02-02 23:34:23,26.0023,63.044,60.87,29,0,7.61
80,Tiksi,RU,2021-02-02 23:34:42,71.6872,128.8694,-0.72,93,100,14.14
81,Marsabit,KE,2021-02-02 23:36:53,2.3284,37.9899,69.3,54,16,9.6
82,Yaan,NG,2021-02-02 23:36:53,7.3833,8.5667,79.57,22,17,4.97
83,Bertogne,BE,2021-02-02 23:36:53,50.0836,5.6669,51.01,91,89,15.39
84,Dolores,AR,2021-02-02 23:36:20,-36.3132,-57.6792,64.51,96,64,8.21
85,Narsaq,GL,2021-02-02 23:36:53,60.9167,-46.05,23.0,54,40,3.44
86,Lieto,FI,2021-02-02 23:36:54,60.5103,22.4618,19.99,93,75,8.05
87,Ancud,CL,2021-02-02 23:35:50,-41.8697,-73.8203,68.0,52,0,16.11
88,Ust-Nera,RU,2021-02-02 23:36:54,64.5667,143.2,-29.02,75,100,4.65
89,Kudahuvadhoo,MV,2021-02-02 23:36:54,2.6708,72.8944,82.24,73,98,11.16
90,Amuntai,ID,2021-02-02 23:36:54,-2.4177,115.2494,74.77,97,100,1.45
91,Capoterra,IT,2021-02-02 23:36:54,39.1763,8.9718,55.99,100,0,8.05
92,Egvekinot,RU,2021-02-02 23:36:54,66.3167,-179.1667,0.9,91,100,12.48
93,Kalianget,ID,2021-02-02 23:36:54,-7.05,113.9333,80.47,78,100,15.14
94,Bandarbeyla,SO,2021-02-02 23:36:55,9.4942,50.8122,71.6,72,27,13.35
95,Oktyabrskiy,RU,2021-02-02 23:36:55,54.4815,53.471,16.41,96,100,4.43
96,Victoria,HK,2021-02-02 23:36:55,22.2855,114.1577,63.0,73,77,1.01
97,Ballina,AU,2021-02-02 23:35:56,-28.8667,153.5667,73.4,88,90,11.5
98,Progreso,MX,2021-02-02 23:36:55,21.2833,-89.6667,71.6,68,40,6.91
99,Mgachi,RU,2021-02-02 23:36:55,51.05,142.2667,-19.3,85,100,11.39
100,Hilo,US,2021-02-02 23:35:59,19.7297,-155.09,78.8,57,90,13.8
101,Atuona,PF,2021-02-02 23:36:55,-9.8,-139.0333,78.42,74,2,13.24
102,Longyearbyen,SJ,2021-02-02 23:36:55,78.2186,15.6401,21.2,86,40,6.91
103,Auki,SB,2021-02-02 23:36:56,-8.7676,160.7034,79.61,88,95,13.11
104,Klaksvik,FO,2021-02-02 23:36:56,62.2266,-6.589,35.6,75,40,11.5
105,Aklavik,CA,2021-02-02 23:36:56,68.2191,-135.0107,-27.4,75,20,6.91
106,Nacala,MZ,2021-02-02 23:36:56,-14.5428,40.6728,76.39,87,88,3.09
107,Amarante Do Maranhao,BR,2021-02-02 23:36:56,-5.5667,-46.7422,72.54,95,42,3.15
108,Kahului,US,2021-02-02 23:33:16,20.8947,-156.47,78.8,61,20,13.8
109,Ola,RU,2021-02-02 23:36:56,59.5833,151.2833,-17.0,82,13,11.41
110,Rio Cuarto,AR,2021-02-02 23:35:52,-33.1307,-64.3499,68.0,73,40,8.05
111,Rudraprayag,IN,2021-02-02 23:36:56,30.2833,78.9833,47.48,45,0,4.12
112,Abu Dhabi,AE,2021-02-02 23:36:56,24.4667,54.3667,62.6,82,20,6.91
113,Nanortalik,GL,2021-02-02 23:36:57,60.1432,-45.2371,15.94,85,0,18.95
114,La Libertad,EC,2021-02-02 23:36:57,-2.2333,-80.9,78.8,73,0,9.22
115,Lokosovo,RU,2021-02-02 23:36:57,61.1333,74.8167,15.17,97,100,3.44
116,Tigzirt,DZ,2021-02-02 23:36:57,36.8886,4.1198,58.15,64,0,6.96
117,Hithadhoo,MV,2021-02-02 23:34:37,-0.6,73.0833,81.9,71,72,4.16
118,Japura,ID,2021-02-02 23:36:57,-0.3167,102.35,73.15,95,99,1.95
119,Cheney,US,2021-02-02 23:36:57,47.4874,-117.5758,42.8,70,75,18.41
120,Padang,ID,2021-02-02 23:36:57,-0.9492,100.3543,75.2,94,75,2.3
121,Naze,JP,2021-02-02 23:34:34,28.3667,129.4833,57.2,58,75,13.8
122,The Pas,CA,2021-02-02 23:36:58,53.8251,-101.2541,23.0,93,90,10.36
123,Avera,US,2021-02-02 23:36:58,33.194,-82.5271,44.6,33,1,8.05
124,Dikson,RU,2021-02-02 23:36:58,73.5069,80.5464,-24.02,84,2,13.31
125,Dong Hoi,VN,2021-02-02 23:36:58,17.4833,106.6,68.77,90,69,4.38
126,Vao,NC,2021-02-02 23:36:58,-22.6667,167.4833,79.61,74,95,37.76
127,Arraial Do Cabo,BR,2021-02-02 23:36:58,-22.9661,-42.0278,78.8,78,0,12.66
128,Komsomolskiy,UZ,2021-02-02 23:36:58,40.4272,71.7189,35.6,60,13,4.61
129,Nemuro,JP,2021-02-02 23:35:23,43.3236,145.575,14.97,83,12,24.58
130,Mandalgovi,MN,2021-02-02 23:36:58,45.7625,106.2708,3.16,85,0,10.87
131,Dezhou,CN,2021-02-02 23:36:58,37.4486,116.2925,29.44,93,0,7.87
132,Port Alfred,ZA,2021-02-02 23:36:59,-33.5906,26.891,66.99,91,26,1.01
133,La Ronge,CA,2021-02-02 23:36:27,55.1001,-105.2842,19.4,86,100,11.5
134,Iqaluit,CA,2021-02-02 23:36:59,63.7506,-68.5145,-18.4,69,90,3.44
135,Bontang,ID,2021-02-02 23:36:59,0.1333,117.5,78.06,87,78,3.09
136,Gallup,US,2021-02-02 23:36:59,35.5281,-108.7426,57.2,51,75,10.36
137,Baghdad,IQ,2021-02-02 23:36:18,33.3406,44.4009,46.4,66,0,2.3
138,Georgetown,MY,2021-02-02 23:36:59,5.4112,100.3354,77.0,88,20,5.61
139,Juneau,US,2021-02-02 23:34:03,58.3019,-134.4197,19.4,86,1,3.44
140,Pangnirtung,CA,2021-02-02 23:36:59,66.1451,-65.7125,-20.2,63,20,3.44
141,Kavieng,PG,2021-02-02 23:36:59,-2.5744,150.7967,83.88,73,82,10.85
142,Baherden,TM,2021-02-02 23:37:00,38.4362,57.4316,45.95,55,0,10.67
143,Yellowknife,CA,2021-02-02 23:32:26,62.456,-114.3525,-11.0,70,75,12.66
144,Krizevci,HR,2021-02-02 23:37:00,46.0219,16.5425,36.0,100,20,4.61
145,Tasiilaq,GL,2021-02-02 23:35:31,65.6145,-37.6368,19.4,93,90,4.61
146,Elizabeth City,US,2021-02-02 23:35:20,36.2946,-76.2511,39.0,75,90,5.75
147,Sinnamary,GF,2021-02-02 23:37:00,5.3833,-52.95,77.76,88,99,13.47
148,Soanierana Ivongo,MG,2021-02-02 23:37:00,-16.9167,49.5833,76.42,84,52,8.95
149,Constitucion,CL,2021-02-02 23:36:46,-35.3333,-72.4167,59.83,82,9,6.31
150,Lebu,CL,2021-02-02 23:37:01,-37.6167,-73.65,59.22,81,15,12.33
151,Kango,GA,2021-02-02 23:37:01,0.1943,10.0951,76.03,92,86,1.43
152,Praya,CV,2021-02-02 23:37:01,14.9215,-23.5087,69.8,73,0,14.97
153,Matara,LK,2021-02-02 23:37:01,5.9485,80.5353,74.12,88,16,4.68
154,Dukat,RU,2021-02-02 23:35:32,62.55,155.55,-28.91,83,100,4.9
155,Gwanda,ZW,2021-02-02 23:34:11,-20.9333,29.0,64.9,90,100,9.73
156,Bethel,US,2021-02-02 23:34:28,41.3712,-73.414,28.4,86,90,10.36
157,Faanui,PF,2021-02-02 23:35:15,-16.4833,-151.75,81.59,76,2,14.25
158,Kashi,CN,2021-02-02 23:36:09,39.4547,75.9797,28.4,59,20,11.18
159,Chala,TZ,2021-02-02 23:37:02,-7.5833,31.2667,58.14,94,72,3.27
160,Mosjoen,NO,2021-02-02 23:37:02,65.836,13.1908,24.8,58,0,13.8
161,Alice Springs,AU,2021-02-02 23:37:02,-23.7,133.8833,82.4,18,0,18.41
162,Aras,ES,2021-02-02 23:37:02,42.5617,-2.356,42.8,93,0,2.3
163,Hasaki,JP,2021-02-02 23:37:02,35.7333,140.8333,37.4,65,20,4.61
164,Syracuse,IT,2021-02-02 23:32:34,37.0881,15.2792,55.0,100,75,3.44
165,Bengkulu,ID,2021-02-02 23:37:02,-3.8004,102.2655,75.88,86,100,6.24
166,Eganville,CA,2021-02-02 23:37:02,45.5334,-77.0994,33.8,51,1,13.8
167,Mahebourg,MU,2021-02-02 23:34:59,-20.4081,57.7,78.8,78,40,6.91
168,Madona,LV,2021-02-02 23:37:03,56.8533,26.217,24.57,98,100,7.9
169,Clyde River,CA,2021-02-02 23:37:03,70.4692,-68.5914,-32.8,68,1,3.44
170,Ca Mau,VN,2021-02-02 23:37:03,9.1769,105.15,73.45,83,54,5.41
171,San Cristobal,VE,2021-02-02 23:35:59,7.7669,-72.225,86.0,54,20,6.91
172,Ilulissat,GL,2021-02-02 23:37:03,69.2167,-51.1,-5.8,77,20,21.85
173,Bilma,NE,2021-02-02 23:37:03,18.6853,12.9164,62.64,28,0,9.06
174,Anantapur,IN,2021-02-02 23:36:07,14.6833,77.6,65.84,86,0,4.27
175,San Patricio,US,2021-02-02 23:37:04,28.017,-97.5169,69.8,40,1,14.97
176,Tamiahua,MX,2021-02-02 23:37:04,21.2667,-97.45,65.34,75,10,5.35
177,Bowen,AU,2021-02-02 23:37:04,-20.0167,148.2333,84.2,61,75,5.75
178,Necochea,AR,2021-02-02 23:37:04,-38.5473,-58.7368,63.0,75,23,7.05
179,Kaitangata,NZ,2021-02-02 23:37:04,-46.2817,169.8464,68.0,70,87,3.0
180,Frontera,MX,2021-02-02 23:37:04,26.9333,-101.45,68.86,32,61,6.11
181,Katobu,ID,2021-02-02 23:37:04,-4.9408,122.5276,79.3,87,100,4.92
182,Wick,GB,2021-02-02 23:37:04,58.4333,-3.0833,37.4,70,40,19.57
183,Cockburn Town,TC,2021-02-02 23:37:04,21.4612,-71.1419,75.18,79,31,16.62
184,Thunder Bay,CA,2021-02-02 23:37:05,48.4001,-89.3168,24.8,68,20,6.91
185,Moshi,TZ,2021-02-02 23:35:46,-3.35,37.3333,75.2,69,40,3.02
186,Nome,US,2021-02-02 23:33:11,64.5011,-165.4064,12.2,57,40,14.97
187,Puerto Ayora,EC,2021-02-02 23:34:53,-0.7393,-90.3518,84.2,70,0,17.27
188,Pahrump,US,2021-02-02 23:32:17,36.2083,-115.9839,68.0,39,2,1.99
189,Cartagena Del Chaira,CO,2021-02-02 23:37:05,1.3349,-74.8429,78.03,66,68,3.2
190,Jadu,LY,2021-02-02 23:37:05,31.953,12.0261,50.31,55,0,8.9
191,Chuy,UY,2021-02-02 23:34:44,-33.6971,-53.4616,73.44,87,59,5.82
192,Okhotsk,RU,2021-02-02 23:37:05,59.3833,143.3,-23.96,82,99,12.91
193,Rocha,UY,2021-02-02 23:37:05,-34.4833,-54.3333,70.48,94,89,7.23
194,Goderich,CA,2021-02-02 23:37:06,43.7501,-81.7165,26.6,74,84,11.5
195,Maceio,BR,2021-02-02 23:37:06,-9.6658,-35.7353,75.2,94,0,3.44
196,Sao Gabriel Da Cachoeira,BR,2021-02-02 23:37:06,-0.1303,-67.0892,73.89,97,83,1.7
197,Kamina,CD,2021-02-02 23:37:06,-8.7386,24.9906,63.01,93,100,0.83
198,Northam,GB,2021-02-02 23:37:06,51.0333,-4.2167,48.0,94,95,8.99
199,Noyabrsk,RU,2021-02-02 23:37:06,63.1994,75.4507,2.97,95,96,11.16
200,Natal,BR,2021-02-02 23:37:06,-5.795,-35.2094,80.6,74,20,11.5
201,Sao Felix Do Xingu,BR,2021-02-02 23:37:07,-6.6447,-51.995,73.78,92,38,2.46
202,Valparaiso,CL,2021-02-02 23:32:12,-33.0393,-71.6273,64.99,68,0,5.75
203,Torbay,CA,2021-02-02 23:34:47,47.6666,-52.7314,28.99,80,90,10.36
204,Kifri,IQ,2021-02-02 23:36:28,34.6959,44.9661,50.86,55,40,1.52
205,Vestmanna,FO,2021-02-02 23:36:40,62.1564,-7.1664,35.6,75,40,11.5
206,Gaogou,CN,2021-02-02 23:37:07,34.0175,119.1886,35.15,87,0,8.9
207,Shakawe,BW,2021-02-02 23:37:07,-18.3667,21.85,68.4,92,100,0.81
208,Geraldton,AU,2021-02-02 23:34:10,-28.7667,114.6,73.4,78,75,17.27
209,Beringovskiy,RU,2021-02-02 23:37:07,63.05,179.3167,10.67,95,100,11.27
210,Talnakh,RU,2021-02-02 23:37:08,69.4865,88.3972,-13.14,82,98,5.37
211,Xining,CN,2021-02-02 23:37:08,36.6167,101.7667,16.0,64,82,2.46
212,Sao Jose Da Coroa Grande,BR,2021-02-02 23:37:08,-8.8978,-35.1478,78.19,78,34,8.77
213,Gazojak,TM,2021-02-02 23:37:08,41.1875,61.4036,40.62,82,0,7.7
214,Bathsheba,BB,2021-02-02 23:37:08,13.2167,-59.5167,78.8,69,20,20.71
215,Tsaratanana,MG,2021-02-02 23:37:08,-16.7833,47.65,71.2,78,60,7.85
216,Gat,IL,2021-02-02 23:33:01,31.61,34.7642,62.01,53,91,1.99
217,Nhulunbuy,AU,2021-02-02 23:37:08,-12.2333,136.7667,80.6,89,100,6.91
218,Hattiesburg,US,2021-02-02 23:36:33,31.3271,-89.2903,53.6,35,1,9.22
219,San Vicente,AR,2021-02-02 23:37:09,-26.6167,-54.1333,72.93,90,99,1.83
220,Kayerkan,RU,2021-02-02 23:37:09,69.3497,87.7602,-9.09,89,100,3.42
221,Codrington,AU,2021-02-02 23:37:09,-38.2667,141.9667,63.25,64,55,10.92
222,Palana,RU,2021-02-02 23:37:09,59.1167,159.9667,-5.17,91,28,7.92
223,Luderitz,NA,2021-02-02 23:37:09,-26.6481,15.1594,64.71,85,1,8.55
224,Hobyo,SO,2021-02-02 23:37:09,5.3505,48.5268,74.26,75,84,15.43
225,Tromso,NO,2021-02-02 23:37:09,69.6496,18.957,19.0,92,20,2.3
226,Rudnogorsk,RU,2021-02-02 23:37:10,57.2639,103.7519,-11.4,91,100,4.45
227,Saint-Pierre,RE,2021-02-02 23:37:10,-21.3393,55.4781,78.8,73,75,5.75
228,Caravelas,BR,2021-02-02 23:35:41,-17.7125,-39.2481,76.71,84,100,6.15
229,Severo-Kurilsk,RU,2021-02-02 23:37:10,50.6789,156.125,22.98,93,87,47.38
230,Santa Cruz,BO,2021-02-02 23:37:10,-17.8,-63.1667,84.2,70,75,14.97
231,Merauke,ID,2021-02-02 23:37:10,-8.4667,140.3333,82.11,80,58,14.58
232,South Bradenton,US,2021-02-02 23:37:10,27.4631,-82.5818,55.0,66,1,13.8
233,Edd,ER,2021-02-02 23:37:10,13.9297,41.6925,77.25,38,2,12.24
234,Henties Bay,NA,2021-02-02 23:37:11,-22.116,14.2845,64.99,87,9,6.08
235,Rafai,CF,2021-02-02 23:37:11,4.95,23.9167,72.66,37,31,2.46
236,Bambous Virieux,MU,2021-02-02 23:37:11,-20.3428,57.7575,79.0,78,40,6.91
237,Sokoni,TZ,2021-02-02 23:37:11,-6.4333,39.55,78.8,83,20,8.75
238,Ossora,RU,2021-02-02 23:37:11,59.2353,163.0719,1.98,92,96,5.35
239,Mount Isa,AU,2021-02-02 23:37:11,-20.7333,139.5,89.6,51,56,8.05
240,La Rioja,ES,2021-02-02 23:37:11,42.25,-2.5,42.8,93,0,2.3
241,Caloto,CO,2021-02-02 23:37:11,3.0359,-76.4079,82.4,57,75,1.43
242,Sigli,ID,2021-02-02 23:37:12,5.3848,95.9609,77.7,79,31,4.81
243,Saint George,US,2021-02-02 23:35:54,37.1041,-113.5841,66.2,39,90,2.21
244,Port Hardy,CA,2021-02-02 23:37:12,50.6996,-127.4199,44.6,75,75,8.05
245,Cabo San Lucas,MX,2021-02-02 23:37:12,22.8909,-109.9124,77.0,50,40,8.05
246,Hambantota,LK,2021-02-02 23:37:12,6.1241,81.1185,76.28,81,25,14.65
247,Ardakan,IR,2021-02-02 23:37:12,32.31,54.0175,42.8,33,0,4.61
248,New Norfolk,AU,2021-02-02 23:37:12,-42.7826,147.0587,62.01,57,97,1.99
249,Gorele,TR,2021-02-02 23:37:12,41.0308,39.0031,53.6,43,0,2.3
250,Cururupu,BR,2021-02-02 23:37:12,-1.8283,-44.8683,76.6,88,33,3.85
251,Saluzzo,IT,2021-02-02 23:37:12,44.6464,7.4862,42.01,100,90,2.3
252,Byron Bay,AU,2021-02-02 23:35:27,-28.65,153.6167,73.4,88,90,11.5
253,Aloleng,PH,2021-02-02 23:37:13,16.1307,119.7824,76.78,69,1,9.62
254,Coahuayana,MX,2021-02-02 23:37:13,18.7333,-103.6833,84.2,48,40,6.91
255,Alugan,PH,2021-02-02 23:37:13,12.2188,125.4808,80.35,83,90,14.03
256,Esperance,AU,2021-02-02 23:37:13,-33.8667,121.9,66.2,72,60,16.11
257,Lata,PT,2021-02-02 23:37:13,40.1629,-8.3327,57.0,84,100,8.01
258,Yar-Sale,RU,2021-02-02 23:37:13,66.8333,70.8333,3.25,93,96,5.61
259,Great Yarmouth,GB,2021-02-02 23:37:09,52.6083,1.7305,48.2,93,75,10.36
260,Mount Gambier,AU,2021-02-02 23:37:13,-37.8333,140.7667,62.6,63,90,13.8
261,Marrakesh,MA,2021-02-02 23:36:01,31.6315,-8.0083,62.6,55,0,2.3
262,Anadyr,RU,2021-02-02 23:37:14,64.75,177.4833,12.2,73,75,17.9
263,Juquitiba,BR,2021-02-02 23:37:14,-23.9317,-47.0683,72.0,78,0,4.61
264,Wattegama,LK,2021-02-02 23:37:14,6.7989,81.4808,73.17,89,71,7.16
265,Pravia,ES,2021-02-02 23:37:14,43.4906,-6.1508,55.99,88,90,2.3
266,Polovinnoye,RU,2021-02-02 23:37:14,54.7914,65.9864,33.87,92,100,17.6
267,Tautira,PF,2021-02-02 23:37:14,-17.7333,-149.15,87.8,62,20,5.75
268,Muros,ES,2021-02-02 23:37:14,42.7762,-9.0603,57.99,83,95,8.99
269,Gimli,CA,2021-02-02 23:35:13,50.6336,-96.9907,26.6,68,97,20.71
270,Makakilo City,US,2021-02-02 23:37:14,21.3469,-158.0858,78.8,65,75,9.22
271,Marsh Harbour,BS,2021-02-02 23:35:16,26.5412,-77.0636,58.78,72,15,27.54
272,Anakapalle,IN,2021-02-02 23:37:15,17.6833,83.0167,64.4,88,0,2.3
273,Tilichiki,RU,2021-02-02 23:36:36,60.4667,166.1,19.38,98,96,8.16
274,Lakatoro,VU,2021-02-02 23:37:15,-16.0999,167.4164,84.0,72,24,14.67
275,Chulumani,BO,2021-02-02 23:37:15,-16.4096,-67.5263,66.06,78,100,2.33
276,Nelson,NZ,2021-02-02 23:37:15,-41.2833,173.2833,80.01,48,0,1.01
277,Lorengau,PG,2021-02-02 23:37:15,-2.0226,147.2712,84.15,74,79,10.25
278,Paray-Le-Monial,FR,2021-02-02 23:37:15,46.4546,4.1158,55.4,76,90,6.91
279,Labuhan,ID,2021-02-02 23:37:15,-6.8844,112.2051,79.57,83,97,9.31
280,Mumford,GH,2021-02-02 23:37:16,5.2618,-0.759,79.9,87,4,9.93
281,Olutanga,PH,2021-02-02 23:37:16,7.3106,122.8464,80.15,78,96,5.68
282,Port Lincoln,AU,2021-02-02 23:37:16,-34.7333,135.8667,65.95,70,84,13.06
283,Pitimbu,BR,2021-02-02 23:37:16,-7.4706,-34.8086,80.6,78,0,8.05
284,Honningsvag,NO,2021-02-02 23:37:16,70.9821,25.9704,27.21,90,97,19.66
285,Kurumkan,RU,2021-02-02 23:37:16,54.3,110.3,-26.07,73,11,2.84
286,Ankazobe,MG,2021-02-02 23:37:16,-18.3167,47.1167,64.4,94,20,6.91
287,Planaltina,BR,2021-02-02 23:37:17,-15.4528,-47.6142,78.8,53,40,5.75
288,Morros,BR,2021-02-02 23:37:17,-9.4467,-46.3003,75.79,79,51,5.08
289,Flin Flon,CA,2021-02-02 23:37:17,54.7682,-101.865,21.2,93,90,4.61
290,Strzelin,PL,2021-02-02 23:37:17,50.7816,17.0648,37.99,93,75,5.75
291,Patrasaer,IN,2021-02-02 23:37:17,23.2167,87.5167,52.56,46,0,5.12
292,Nyagan,RU,2021-02-02 23:37:17,62.1406,65.3936,4.86,93,1,6.24
293,Vostok,RU,2021-02-02 23:37:17,46.4856,135.8833,-25.11,84,100,7.58
294,Robe,AU,2021-02-02 23:37:17,-37.1833,139.75,62.96,66,0,11.36
295,Pouebo,NC,2021-02-02 23:37:17,-20.4,164.5667,76.03,78,100,11.27
296,Inhambane,MZ,2021-02-02 23:37:18,-23.865,35.3833,79.41,86,84,4.05
297,Xuddur,SO,2021-02-02 23:37:18,4.1213,43.8894,63.97,82,0,16.49
298,Meulaboh,ID,2021-02-02 23:37:18,4.1363,96.1285,75.76,88,98,4.7
299,Saint-Louis,SN,2021-02-02 23:32:36,16.3333,-15.0,73.4,40,0,2.3
300,Pisco,PE,2021-02-02 23:35:07,-13.7,-76.2167,73.4,68,0,17.27
301,Taoudenni,ML,2021-02-02 23:37:18,22.6783,-3.9836,70.59,23,93,12.46
302,Kieta,PG,2021-02-02 23:37:18,-6.2167,155.6333,83.34,79,100,16.53
303,Bonavista,CA,2021-02-02 23:37:18,48.6499,-53.1147,28.0,93,81,2.3
304,Praia,CV,2021-02-02 23:37:18,14.9215,-23.5087,69.8,73,0,14.97
305,Sale,MA,2021-02-02 23:36:41,34.0389,-6.8166,54.0,100,92,5.26
306,Sena Madureira,BR,2021-02-02 23:37:19,-9.0656,-68.6569,77.23,85,26,1.72
307,Kuusamo,FI,2021-02-02 23:37:19,65.9667,29.1833,-4.0,77,0,6.91
308,Oranjemund,NA,2021-02-02 23:37:19,-28.55,16.4333,64.15,87,0,1.3
309,Maniitsoq,GL,2021-02-02 23:36:41,65.4167,-52.9,-1.82,77,0,8.25
310,Shumskiy,RU,2021-02-02 23:37:19,54.8318,99.1328,10.38,89,100,3.8
311,Nicoya,CR,2021-02-02 23:37:19,10.1483,-85.452,84.2,48,0,17.27
312,Pontianak,ID,2021-02-02 23:37:19,-0.0333,109.3333,75.2,88,40,4.61
313,Flinders,AU,2021-02-02 23:37:20,-34.5833,150.8552,72.0,55,44,5.99
314,Aparecida Do Taboado,BR,2021-02-02 23:37:20,-20.0867,-51.0936,79.21,66,98,3.24
315,Lethem,GY,2021-02-02 23:37:20,3.3803,-59.7968,83.14,61,97,11.01
316,Muyezerskiy,RU,2021-02-02 23:37:20,63.9333,31.65,-0.11,93,0,1.43
317,Cherskiy,RU,2021-02-02 23:37:20,68.75,161.3,-1.52,85,0,2.77
318,Souillac,MU,2021-02-02 23:37:20,-20.5167,57.5167,78.8,78,40,6.91
319,Civitavecchia,IT,2021-02-02 23:37:20,42.0933,11.7967,48.0,100,40,5.75
320,College,US,2021-02-02 23:37:20,64.8569,-147.8028,-7.6,64,20,5.75
321,Antofagasta,CL,2021-02-02 23:34:26,-23.65,-70.4,66.2,72,40,13.8
322,Belaya Gora,RU,2021-02-02 23:37:21,68.5333,146.4167,-28.32,86,53,0.56
323,Cajamarca,PE,2021-02-02 23:37:21,-7.1638,-78.5003,56.95,83,60,3.44
324,Madingou,CG,2021-02-02 23:37:21,-4.1536,13.55,74.59,91,99,0.78
325,Lima,PE,2021-02-02 23:37:21,-12.0432,-77.0282,73.0,73,0,9.22
326,Leh,IN,2021-02-02 23:37:21,34.1667,77.5833,5.74,67,99,1.68
327,Svetlaya,RU,2021-02-02 23:37:21,46.5389,138.3297,-12.23,83,11,8.57
328,Tygda,RU,2021-02-02 23:37:21,53.1167,126.3333,-24.11,80,88,9.37
329,Darnah,LY,2021-02-02 23:37:21,32.767,22.6367,57.07,69,31,5.26
330,Havoysund,NO,2021-02-02 23:37:22,70.9963,24.6622,23.0,86,75,8.05
331,Mutis,CO,2021-02-02 23:37:22,6.2262,-77.4044,79.29,84,59,3.8
332,Richards Bay,ZA,2021-02-02 23:34:29,-28.783,32.0377,67.89,84,100,3.47
333,Provideniya,RU,2021-02-02 23:37:22,64.3833,-173.3,5.97,90,100,18.9
334,Wajid,SO,2021-02-02 23:37:22,3.8093,43.2471,69.06,59,2,19.13
335,Noumea,NC,2021-02-02 23:37:22,-22.2763,166.4572,75.99,100,90,27.63
336,Santiago,CL,2021-02-02 23:37:22,-33.4569,-70.6483,73.4,43,20,8.05
337,Palimbang,PH,2021-02-02 23:37:22,6.2106,124.1894,81.25,71,100,1.61
338,Norman Wells,CA,2021-02-02 23:37:22,65.282,-126.8329,-18.4,69,75,8.05
339,Banepa,NP,2021-02-02 23:37:23,27.6298,85.5214,41.0,87,20,3.44
340,Lakshettipet,IN,2021-02-02 23:37:23,18.8667,79.2167,58.41,34,0,1.25
341,Acapulco,MX,2021-02-02 23:33:23,16.8634,-99.8901,86.0,66,1,6.91
342,Sao Filipe,CV,2021-02-02 23:36:25,14.8961,-24.4956,72.43,78,1,7.7
343,Kerrville,US,2021-02-02 23:33:28,30.0474,-99.1403,64.99,24,1,12.66
344,Vardo,NO,2021-02-02 23:37:23,70.3705,31.1107,21.2,73,40,18.41
345,Goundam,ML,2021-02-02 23:37:23,16.4145,-3.6708,68.41,20,0,7.4
346,Sitio Novo Do Tocantins,BR,2021-02-02 23:37:23,-5.5183,-47.4611,74.26,93,32,4.12
347,Saint-Joseph,RE,2021-02-02 23:37:24,-21.3667,55.6167,78.8,73,75,5.75
348,Mbour,SN,2021-02-02 23:37:24,14.422,-16.9638,68.0,68,0,16.11
349,Nalut,LY,2021-02-02 23:37:24,30.3333,10.85,49.75,54,0,6.26
350,Obernai,FR,2021-02-02 23:37:24,48.4631,7.481,55.4,71,90,6.91
351,Sao Joao Da Barra,BR,2021-02-02 23:37:24,-21.6403,-41.0511,77.38,85,56,17.54
352,Kokopo,PG,2021-02-02 23:37:24,-4.352,152.2633,79.05,84,100,7.4
353,Vondrozo,MG,2021-02-02 23:34:28,-22.8167,47.2833,70.09,100,77,2.77
354,Albina,SR,2021-02-02 23:37:24,5.5,-54.05,73.72,97,89,3.02
355,Saint-Georges,GD,2021-02-02 23:37:24,12.0564,-61.7485,80.6,74,40,16.78
356,Inongo,CD,2021-02-02 23:37:25,-1.95,18.2667,74.23,89,97,3.87
357,Amapa,BR,2021-02-02 23:37:25,1.0,-52.0,72.73,97,99,2.39
358,Kigoma,TZ,2021-02-02 23:37:25,-4.8769,29.6267,72.14,81,69,2.86
359,Tulagi,SB,2021-02-02 23:37:25,-9.0996,160.1476,80.71,86,99,27.02
360,Poum,NC,2021-02-02 23:37:25,-20.2333,164.0167,77.52,81,100,25.81
361,Sortavala,RU,2021-02-02 23:37:25,61.7053,30.6918,18.72,97,93,10.36
362,Maracaibo,VE,2021-02-02 23:35:58,10.6317,-71.6406,80.42,72,0,13.98
363,Namibe,AO,2021-02-02 23:37:25,-15.1961,12.1522,72.93,72,89,5.66
364,Bandar-E Lengeh,IR,2021-02-02 23:37:26,26.5579,54.8807,63.95,61,1,1.32
365,Dwarka,IN,2021-02-02 23:37:26,22.2394,68.9678,68.18,79,17,7.16
366,Greenwood Village,US,2021-02-02 23:36:41,39.6172,-104.9508,64.4,19,20,4.61
367,Minot,US,2021-02-02 23:37:26,48.2325,-101.2963,35.6,75,1,8.05
368,Sosnovo,RU,2021-02-02 23:37:26,60.5514,30.2144,24.01,80,100,8.14
369,Airai,TL,2021-02-02 23:37:26,-8.9266,125.4092,66.4,97,100,2.91
370,Te Anau,NZ,2021-02-02 23:37:26,-45.4167,167.7167,63.41,73,99,3.15
371,Faya,SA,2021-02-02 23:37:26,18.3851,42.4509,57.2,62,0,3.15
372,Quatre Cocos,MU,2021-02-02 23:37:26,-20.2078,57.7625,79.0,78,40,6.91
373,Hornepayne,CA,2021-02-02 23:37:27,49.2138,-84.7705,4.93,95,1,3.62
374,Novyy Nekouz,RU,2021-02-02 23:37:27,57.9029,38.07,14.76,97,100,5.59
375,Bergama,TR,2021-02-02 23:37:27,39.1207,27.1805,51.8,93,75,4.61
376,Port Blair,IN,2021-02-02 23:36:02,11.6667,92.75,75.45,77,0,11.25
377,Pandan,PH,2021-02-02 23:37:27,14.0453,124.1694,78.64,83,91,15.43
378,Beira,MZ,2021-02-02 23:37:27,-19.8436,34.8389,80.6,94,75,5.75
379,Kupang,ID,2021-02-02 23:37:27,-10.1667,123.5833,75.2,100,40,4.61
380,Jabinyanah,TN,2021-02-02 23:37:27,35.035,10.9081,55.4,67,20,3.44
381,Taltal,CL,2021-02-02 23:37:27,-25.4,-70.4833,65.64,73,26,5.61
382,Villany,HU,2021-02-02 23:37:27,45.8689,18.4539,35.01,100,90,5.75
383,Ribeira Grande,PT,2021-02-02 23:37:28,38.5167,-28.7,57.07,66,41,34.9
384,Oranjestad,AW,2021-02-02 23:37:28,12.524,-70.027,78.8,73,20,20.71
385,Monterey,US,2021-02-02 23:37:28,36.2505,-121.2516,57.99,1,86,8.01
386,Kavaratti,IN,2021-02-02 23:37:28,10.5669,72.642,80.64,71,4,3.8
387,San Luis,AR,2021-02-02 23:34:41,-33.295,-66.3356,63.27,55,23,8.23
388,Visnes,NO,2021-02-02 23:37:28,59.3556,5.2242,26.01,86,72,9.22
389,Khorinsk,RU,2021-02-02 23:37:28,52.1657,109.7726,-24.02,81,70,2.51
390,Basoko,CD,2021-02-02 23:37:28,1.2391,23.616,76.98,65,17,2.39
391,Tazovskiy,RU,2021-02-02 23:37:29,67.4667,78.7,-3.24,92,92,10.8
392,Taganak,PH,2021-02-02 23:37:29,6.0833,118.3,80.6,89,40,10.36
393,Savinka,RU,2021-02-02 23:37:29,50.0785,47.0994,35.04,93,99,6.49
394,Brae,GB,2021-02-02 23:34:59,60.3964,-1.353,37.4,75,75,23.02
395,Arlit,NE,2021-02-02 23:36:14,18.7369,7.3853,64.08,24,0,7.49
396,Abu Samrah,SY,2021-02-02 23:37:29,35.3029,37.1841,50.77,64,95,10.51
397,Straumen,NO,2021-02-02 23:37:29,63.8709,11.2999,19.0,85,0,8.05
398,Talara,PE,2021-02-02 23:37:29,-4.5772,-81.2719,73.87,81,2,14.61
399,Saint Anthony,US,2021-02-02 23:37:29,45.0205,-93.218,25.0,74,90,4.61
400,Leningradskiy,RU,2021-02-02 23:37:29,69.3833,178.4167,-4.72,87,100,16.93
401,Blacksburg,US,2021-02-02 23:37:29,37.2296,-80.4139,26.6,63,75,21.85
402,Laguna,US,2021-02-02 23:37:30,38.421,-121.4238,60.01,82,75,8.05
403,Montepuez,MZ,2021-02-02 23:37:30,-13.1256,38.9997,68.68,94,90,2.28
404,Road Town,VG,2021-02-02 23:35:56,18.4167,-64.6167,78.8,73,20,6.91
405,Domoni,KM,2021-02-02 23:37:30,-12.2569,44.5319,80.28,78,84,3.71
406,Komatipoort,ZA,2021-02-02 23:37:30,-25.4332,31.9548,68.0,88,100,1.14
407,Guerrero Negro,MX,2021-02-02 23:34:27,27.9769,-114.0611,72.68,30,98,12.28
408,Vila Velha,BR,2021-02-02 23:37:30,-20.3297,-40.2925,79.0,78,0,9.22
409,Laje,BR,2021-02-02 23:37:30,-10.1833,-40.9667,74.93,61,60,5.3
410,General Pico,AR,2021-02-02 23:37:31,-35.6566,-63.7568,72.14,47,33,6.31
411,San Quintin,MX,2021-02-02 23:34:54,30.4833,-115.95,64.15,66,89,14.83
412,Marystown,CA,2021-02-02 23:37:31,47.1666,-55.1483,29.98,94,100,21.94
413,Maneadero,MX,2021-02-02 23:32:58,31.7167,-116.5667,61.0,86,82,1.99
414,Micheweni,TZ,2021-02-02 23:37:31,-4.9667,39.8333,79.47,74,74,5.17
415,Huilong,CN,2021-02-02 23:37:31,31.8111,121.655,44.01,76,21,4.0
416,Matadi,CD,2021-02-02 23:37:31,-5.8167,13.45,78.03,86,100,1.5
417,Deming,US,2021-02-02 23:37:31,32.2687,-107.7586,64.4,25,20,4.61
418,Sylacauga,US,2021-02-02 23:37:31,33.1732,-86.2516,44.6,39,75,4.61
419,Hami,CN,2021-02-02 23:37:32,42.8,93.45,26.53,77,100,3.53
420,Chandla,IN,2021-02-02 23:37:32,25.0833,80.2,55.9,40,18,3.15
421,San Carlos De Bariloche,AR,2021-02-02 23:32:41,-41.1456,-71.3082,78.8,22,40,11.5
422,Ivanteyevka,RU,2021-02-02 23:34:33,55.9711,37.9208,14.0,85,99,4.47
423,Margate,GB,2021-02-02 23:37:32,51.3813,1.3862,51.01,83,71,3.0
424,Luba,GQ,2021-02-02 23:37:32,3.4568,8.5547,78.8,83,20,4.61
425,Khor,RU,2021-02-02 23:37:32,47.8861,134.9464,-21.68,83,100,14.76
426,Aberdeen,GB,2021-02-02 23:35:24,57.1437,-2.0981,39.2,70,75,17.27
427,Hasanabad,IR,2021-02-02 23:37:32,36.5465,61.0543,37.4,81,0,2.3
428,Palm Springs,US,2021-02-02 23:36:37,33.8303,-116.5453,80.01,25,1,5.75
429,Kutum,SD,2021-02-02 23:37:33,14.2,24.6667,66.16,26,40,5.32
430,Angoche,MZ,2021-02-02 23:37:33,-16.2325,39.9086,77.27,88,27,4.63
431,Natitingou,BJ,2021-02-02 23:37:33,10.3042,1.3796,74.39,19,0,4.94
432,Atar,MR,2021-02-02 23:37:33,20.5169,-13.0499,70.25,20,0,6.6
433,Udachnyy,RU,2021-02-02 23:36:36,66.4167,112.4,-26.07,83,100,22.21
434,Diu,IN,2021-02-02 23:37:33,20.7141,70.9822,70.16,34,11,5.86
435,Carauari,BR,2021-02-02 23:37:33,-4.8828,-66.8958,74.37,97,100,1.01
436,Amazar,RU,2021-02-02 23:37:33,53.858,120.875,-30.05,77,51,2.71
437,Tura,IN,2021-02-02 23:37:34,25.5198,90.2201,55.67,58,0,2.93
438,Krasnokamensk,RU,2021-02-02 23:37:34,50.0979,118.0369,-26.84,78,0,4.27
439,Deori Khas,IN,2021-02-02 23:37:34,23.4,79.0167,55.58,37,0,4.23
440,Saint-Augustin,CA,2021-02-02 23:37:34,51.226,-58.6502,18.09,89,99,13.89
441,Jalu,LY,2021-02-02 23:37:34,29.0331,21.5482,50.13,59,9,2.01
442,Meligalas,GR,2021-02-02 23:37:34,37.2167,21.9667,53.01,80,44,2.3
443,Nadym,RU,2021-02-02 23:37:34,65.5333,72.5167,10.56,96,84,6.67
444,Cape Coast,GH,2021-02-02 23:37:34,5.1053,-1.2466,79.77,86,16,9.13
445,Marsa Matruh,EG,2021-02-02 23:37:34,31.3525,27.2453,59.0,88,0,6.91
446,Fort Nelson,CA,2021-02-02 23:37:35,58.8053,-122.7002,-7.6,71,90,10.36
447,Vazante,BR,2021-02-02 23:37:35,-17.9869,-46.9078,72.48,86,100,4.34
448,Santa Maria,BR,2021-02-02 23:37:35,-29.6842,-53.8069,78.8,100,40,2.3
449,Murashi,RU,2021-02-02 23:37:35,59.3999,48.9615,13.35,97,98,7.96
450,Karasuk,RU,2021-02-02 23:37:35,53.7377,78.0403,15.75,96,100,15.19
451,Dvinskoy,RU,2021-02-02 23:37:35,62.1535,45.1175,6.76,95,97,5.95
452,Paracatu,BR,2021-02-02 23:37:35,-17.2222,-46.8747,72.64,83,100,1.83
453,Pontal Do Parana,BR,2021-02-02 23:37:35,-25.6533,-48.5128,66.0,94,80,8.99
454,Phan Thiet,VN,2021-02-02 23:33:43,10.9333,108.1,70.41,75,40,5.39
455,Pingdingshan,CN,2021-02-02 23:37:35,33.7385,113.3012,38.53,74,0,4.16
456,Oyem,GA,2021-02-02 23:37:36,1.5995,11.5793,69.78,94,95,2.59
457,Lahat,ID,2021-02-02 23:37:36,-3.8,103.5333,73.54,93,100,2.73
458,Muisne,EC,2021-02-02 23:37:36,0.6,-80.0333,80.6,89,75,2.3
459,Turukhansk,RU,2021-02-02 23:37:36,65.8167,87.9833,-6.11,91,100,8.34
460,Isangel,VU,2021-02-02 23:37:36,-19.55,169.2667,84.2,70,20,20.71
461,Izhma,RU,2021-02-02 23:37:36,65.0083,53.9113,10.81,95,90,6.49
462,Beaverlodge,CA,2021-02-02 23:37:36,55.2166,-119.4361,-5.8,84,90,14.97
463,Aketi,CD,2021-02-02 23:37:36,2.7388,23.7833,74.66,59,28,1.01
464,Polyarnyy,RU,2021-02-02 23:37:36,69.1989,33.4478,-7.6,84,20,13.65
465,Manokwari,ID,2021-02-02 23:37:36,-0.8667,134.0833,81.0,73,91,3.53
466,Petropavlovsk-Kamchatskiy,RU,2021-02-02 23:37:37,53.0452,158.6483,17.6,73,40,6.71
467,Whitecourt,CA,2021-02-02 23:37:37,54.1502,-115.6855,1.4,66,90,12.66
468,Ikere,NG,2021-02-02 23:37:37,7.4913,5.2322,73.15,90,3,3.62
469,Kuryk,KZ,2021-02-02 23:37:37,43.2,51.65,46.71,75,93,19.86
470,Husavik,IS,2021-02-02 23:35:38,66.0449,-17.3389,12.2,73,0,5.75
471,Batsfjord,NO,2021-02-02 23:37:37,70.6345,29.7185,21.2,73,40,18.41
472,Diego De Almagro,CL,2021-02-02 23:37:37,-26.3667,-70.05,63.52,46,40,4.29
473,Waingapu,ID,2021-02-02 23:37:37,-9.6567,120.2641,81.12,78,95,11.1
474,Sorong,ID,2021-02-02 23:37:37,-0.8833,131.25,77.41,86,100,1.52
475,Azanka,RU,2021-02-02 23:37:37,58.0401,64.7893,9.54,96,64,5.21
476,Changping,CN,2021-02-02 23:37:38,40.2186,116.2197,26.01,52,0,6.71
477,Srandakan,ID,2021-02-02 23:37:38,-7.9386,110.2506,78.91,82,53,5.64
478,Albion,US,2021-02-02 23:32:49,42.2431,-84.753,30.2,55,1,9.44
479,Ostrovnoy,RU,2021-02-02 23:37:38,68.0531,39.5131,24.87,96,100,17.38
480,Mayor Pablo Lagerenza,PY,2021-02-02 23:37:38,-19.9309,-60.7718,87.71,53,38,10.16
481,Muncar,ID,2021-02-02 23:37:38,-8.4333,114.3333,77.58,86,100,2.98
482,Ponta Delgada,PT,2021-02-02 23:36:30,37.7333,-25.6667,55.4,71,40,28.77
483,Turayf,SA,2021-02-02 23:37:38,31.6725,38.6637,53.6,58,47,27.63
484,Gurlan,UZ,2021-02-02 23:37:38,41.8447,60.3919,32.0,80,0,4.61
485,Half Moon Bay,US,2021-02-02 23:37:39,37.4636,-122.4286,61.0,82,1,8.05
486,Olimpia,BR,2021-02-02 23:37:39,-20.7372,-48.9147,82.4,51,20,5.75
487,Plettenberg Bay,ZA,2021-02-02 23:37:39,-34.0527,23.3716,71.26,52,0,5.03
488,Vire,FR,2021-02-02 23:37:39,48.9167,-0.8333,51.8,82,75,12.66
489,Bilibino,RU,2021-02-02 23:36:47,68.0546,166.4372,-0.72,86,0,5.39
490,Robertsport,LR,2021-02-02 23:37:39,6.7533,-11.3686,79.68,87,0,7.38
491,Berlevag,NO,2021-02-02 23:34:30,70.8578,29.0864,24.73,91,100,20.74
492,Ginir,ET,2021-02-02 23:37:39,7.1333,40.7,54.79,38,40,4.32
493,Tabou,CI,2021-02-02 23:37:39,4.423,-7.3528,78.13,90,24,5.28
494,Bosobolo,CD,2021-02-02 23:37:40,4.1833,19.9,78.03,46,61,2.19
495,Punta Umbria,ES,2021-02-02 23:37:40,37.1821,-6.9661,57.99,65,94,1.01
496,La Asuncion,VE,2021-02-02 23:37:40,11.0333,-63.8628,76.44,82,4,14.88
497,Itaituba,BR,2021-02-02 23:37:40,-4.2761,-55.9836,84.2,79,20,5.75
498,Walvis Bay,NA,2021-02-02 23:34:50,-22.9575,14.5053,64.99,88,3,3.44
499,Fallon,US,2021-02-02 23:37:40,39.4735,-118.7774,60.8,27,40,6.91
500,Kemijarvi,FI,2021-02-02 23:35:55,66.7131,27.4306,5.18,94,4,3.69
501,Bodo,NO,2021-02-02 23:37:40,67.28,14.405,23.0,58,0,25.32
502,Maple Creek,CA,2021-02-02 23:37:40,49.9168,-109.4848,51.8,35,94,11.5
503,Tchollire,CM,2021-02-02 23:37:41,8.4022,14.1698,73.08,24,0,0.67
504,Saucillo,MX,2021-02-02 23:37:41,28.0167,-105.2833,73.18,22,99,5.91
505,Bull Savanna,JM,2021-02-02 23:37:41,17.8868,-77.5902,70.9,84,18,9.04
506,Shimoda,JP,2021-02-02 23:37:41,34.6667,138.95,46.4,57,20,12.66
507,Inta,RU,2021-02-02 23:37:41,66.0317,60.1659,10.6,95,100,13.0
508,Aksu,CN,2021-02-02 23:37:41,41.1231,80.2644,23.45,77,0,3.78
509,Galle,LK,2021-02-02 23:37:41,6.0367,80.217,76.06,87,24,4.03
510,Severodvinsk,RU,2021-02-02 23:37:41,64.5635,39.8302,14.0,92,90,8.95
511,Heinola,FI,2021-02-02 23:37:42,61.2056,26.0381,21.2,93,75,10.36
512,Kingman,US,2021-02-02 23:37:42,35.1894,-114.053,68.0,40,75,11.5
513,Xiamen,CN,2021-02-02 23:37:42,24.4798,118.0819,57.2,54,0,11.18
514,Horsham,GB,2021-02-02 23:37:42,51.064,-0.3272,50.0,87,75,14.97
515,Mandera,KE,2021-02-02 23:37:42,3.9366,41.867,74.05,48,0,8.97
516,Poso,ID,2021-02-02 23:37:42,-1.3959,120.7524,79.0,86,80,2.26
517,Shahrud,IR,2021-02-02 23:37:42,36.4182,54.9763,36.7,69,0,1.07
518,Eyl,SO,2021-02-02 23:37:42,7.9803,49.8164,69.04,73,68,14.54
519,Kangaatsiaq,GL,2021-02-02 23:37:42,68.3065,-53.4641,-0.24,92,83,13.31
520,Sfantu Gheorghe,RO,2021-02-02 23:37:42,45.8667,25.7833,33.01,86,8,1.01
521,Ibra,OM,2021-02-02 23:37:43,22.6906,58.5334,54.72,84,1,2.57
522,Iisalmi,FI,2021-02-02 23:37:43,63.5592,27.1907,-2.2,92,90,1.14
523,Corrales,US,2021-02-02 23:37:07,35.2378,-106.6067,62.6,31,40,9.22
524,Warrington,GB,2021-02-02 23:37:43,53.3925,-2.5802,46.4,93,75,6.91
525,Neuquen,AR,2021-02-02 23:37:43,-38.9516,-68.0591,86.0,28,0,3.44
526,Battle Creek,US,2021-02-02 23:37:43,42.3212,-85.1797,32.0,55,1,10.36
527,Krasnoarmeyskiy,RU,2021-02-02 23:37:43,47.0114,42.2072,42.4,86,91,7.49
528,Anse-Bertrand,GP,2021-02-02 23:37:43,16.4721,-61.5078,77.0,73,90,6.91
529,Tukrah,LY,2021-02-02 23:37:43,32.5341,20.5791,57.38,71,84,9.55
530,Kuty,UA,2021-02-02 23:37:43,48.2587,25.1795,35.42,85,51,6.44
531,Manzanillo,CU,2021-02-02 23:37:44,20.3433,-77.1167,68.97,73,0,4.74
532,Ust-Karsk,RU,2021-02-02 23:37:44,52.7011,118.8077,-32.44,78,1,2.17
533,Havre-Saint-Pierre,CA,2021-02-02 23:37:44,50.2334,-63.5986,24.8,50,90,10.36
534,Prince Albert,CA,2021-02-02 23:37:44,53.2001,-105.7677,21.2,79,75,3.44
535,Deputatskiy,RU,2021-02-02 23:37:44,69.3,139.9,-26.77,88,100,1.88
536,Severnyy,RU,2021-02-02 23:35:49,50.677,36.5532,30.2,100,90,2.24
537,Novyy Buh,UA,2021-02-02 23:35:02,47.6931,32.5216,32.0,93,90,2.24
538,Shitanjing,CN,2021-02-02 23:37:44,39.2342,106.3439,19.98,72,0,10.78
539,Zhaodong,CN,2021-02-02 23:37:44,46.0833,125.9833,-18.4,76,0,8.95
540,Kenai,US,2021-02-02 23:35:17,60.5544,-151.2583,14.0,62,90,6.64
541,Mogadishu,SO,2021-02-02 23:35:33,2.0371,45.3438,74.97,79,12,20.6
542,Sur,OM,2021-02-02 23:37:45,22.5667,59.5289,65.48,68,3,0.49
543,Sabha,LY,2021-02-02 23:37:45,27.0377,14.4283,50.58,59,1,5.95
544,Coquimbo,CL,2021-02-02 23:37:22,-29.9533,-71.3436,62.6,77,0,11.5
545,Bitkine,TD,2021-02-02 23:37:45,11.9801,18.2138,71.01,21,0,8.14
546,Hede,CN,2021-02-02 23:37:45,33.7681,120.2517,36.25,83,0,10.78
547,Fairbanks,US,2021-02-02 23:36:30,64.8378,-147.7164,-7.6,59,1,5.75
548,Leshukonskoye,RU,2021-02-02 23:37:45,64.8989,45.7622,16.32,96,100,10.11
549,Vila Franca Do Campo,PT,2021-02-02 23:37:45,37.7167,-25.4333,55.4,71,40,28.77
550,Bjornevatn,NO,2021-02-02 23:37:45,69.6672,29.9847,21.2,86,20,13.8
551,Betioky,MG,2021-02-02 23:37:45,-23.7167,44.3833,77.59,74,10,5.77
552,Oum Hadjer,TD,2021-02-02 23:37:46,13.2954,19.6966,73.6,17,0,13.15
553,Tiarei,PF,2021-02-02 23:37:46,-17.5333,-149.3333,87.8,62,20,5.75
554,Dunmore Town,BS,2021-02-02 23:37:46,25.5,-76.65,63.54,63,59,27.96
555,Ati,TD,2021-02-02 23:37:01,13.2154,18.3353,72.84,17,0,12.12
556,Alofi,NU,2021-02-02 23:37:46,-19.0595,-169.9187,84.2,84,100,12.66
557,Gavle,SE,2021-02-02 23:37:46,60.6745,17.1417,18.0,79,100,5.99
558,Luanda,AO,2021-02-02 23:34:28,-8.8368,13.2343,78.8,83,75,9.22
559,Carlos Chagas,BR,2021-02-02 23:37:46,-17.7031,-40.7664,74.62,81,100,9.4
560,Durango,MX,2021-02-02 23:33:36,24.8333,-104.8333,72.32,27,67,8.52
561,Alta Floresta,BR,2021-02-02 23:37:47,-9.8756,-56.0861,82.4,78,0,4.61
562,Salalah,OM,2021-02-02 23:35:12,17.0151,54.0924,71.6,17,0,2.3
563,Matagami,CA,2021-02-02 23:36:31,49.7502,-77.6328,14.0,92,90,10.36
564,Kodinsk,RU,2021-02-02 23:37:47,58.6881,99.1844,-8.3,88,100,4.74
565,Bubaque,GW,2021-02-02 23:37:47,11.2833,-15.8333,78.33,74,5,12.41
566,Karanganyar,ID,2021-02-02 23:37:47,-6.7072,111.0834,77.92,86,92,9.48
567,Tshela,CD,2021-02-02 23:37:47,-4.9833,12.9333,74.97,93,100,0.98
568,Dakar,SN,2021-02-02 23:37:01,14.6937,-17.4441,64.4,94,27,6.91
569,Anloga,GH,2021-02-02 23:37:47,5.7947,0.8973,84.2,84,20,9.22
570,Los Llanos De Aridane,ES,2021-02-02 23:37:48,28.6585,-17.9182,64.4,72,90,10.36
571,Pangody,RU,2021-02-02 23:37:48,65.85,74.4859,5.54,95,84,6.31
572,Tefe,BR,2021-02-02 23:37:48,-3.3542,-64.7114,77.0,94,75,3.44
